{
    "pools": [
        {
            "rolls": 1,
            "entries": [
                {
                    "type": "minecraft:item",
                    "name": "minecraft:emerald",
                    "functions": [
                        {
                            "function": "minecraft:set_name",
                            "entity": "this",
                            "name": {
                                "translate":"door_locker.converter","fallback": "Animated Door",
                                "italic": false
                            }
                        },
                        {
                            "function": "minecraft:set_lore",
                            "entity": "this",
                            "lore": [
                                {
                                    "translate":"door_locker.converter.lore.1","fallback": "Click on a locked door to make it animated.",
                                    "color": "gray",
                                    "italic": false
                                },
                                {
                                    "translate":"door_locker.converter.lore.2","fallback": "Only the owner of Door Locker can do this.",
                                    "color": "gray",
                                    "italic": false
                                },
                                {
                                    "translate":"door_locker.converter.lore.3","fallback": "This action cannot be undone!",
                                    "color": "red",
                                    "italic": false
                                }
                            ],
                            "replace": true
                        },
                        {
                            "function": "minecraft:set_nbt",
                            "tag": "{converter: true}"
                        }
                    ]
                }
            ]
        }
    ]
}
