{
    "pools": [
      {
        "rolls": 1,
        "entries": [
          {
            "type": "minecraft:item",
            "name": "minecraft:golden_hoe",
            "functions": [
              {
                "function": "minecraft:set_name",
                "name": {
                  "translate":"door_locker.delocker","fallback": "Delocker",
                  "italic": false
                }
              },
              {
                "function": "minecraft:set_lore",
                "lore": [
                  {
                    "translate":"door_locker.delocker.lore.1","fallback": "Use on Door Locker to delete.",
                    "color": "gray",
                    "italic": false
                  },
                  {
                    "translate":"door_locker.delocker.lore.2","fallback": "You can only remove your own Door Lockers.",
                    "color": "yellow",
                    "italic": false
                  }
                ],
                "replace": true
              },
              {
                "function": "minecraft:set_nbt",
                "tag": "{CustomModelData: 70001, delocker: true, HideFlags: 2}"
              }
            ]
          }
        ]
      }
    ]
  }
  