{
    "pools": [
        {
            "rolls": 1,
            "entries": [
                {
                    "type": "minecraft:item",
                    "name": "minecraft:firework_rocket",
                    "functions": [
                        {
                            "function": "minecraft:set_name",
                            "entity": "this",
                            "name": {
                                "translate":"door_locker.door_locker","fallback": "Door Locker",
                                "color": "green",
                                "italic": false
                            }
                        },
                        {
                            "function": "minecraft:set_lore",
                            "entity": "this",
                            "lore": [
                                {
                                    "translate":"door_locker.door_locker.lore.1","fallback": "First rename on the anvil to set the password!",
                                    "color": "yellow",
                                    "italic": false
                                }
                            ],
                            "replace": true
                        },
                        {
                            "function": "minecraft:set_nbt",
                            "tag": "{CustomModelData: 70001, HideFlags: 63, door_locker: true, Fireworks: {Flight: -127}}"
                        },
                        {
                            "function": "minecraft:copy_nbt",
                            "source": "this",
                            "ops": [
                                {
                                    "source": "SelectedItem.tag.display.Name",
                                    "target": "display.Name",
                                    "op": "replace"
                                }
                            ],
                            "conditions": [
                                {
                                    "condition": "minecraft:entity_properties",
                                    "entity": "this",
                                    "predicate": {
                                        "type_specific": {
                                            "type": "player",
                                            "advancements": {
                                                "door_locker:recipes/door_locker": false
                                            }
                                        }
                                    }
                                }
                            ]
                        },
                        {
                            "function": "minecraft:set_nbt",
                            "tag": "{RepairCost: 0}",
                            "conditions": [
                                {
                                    "condition": "minecraft:entity_properties",
                                    "entity": "this",
                                    "predicate": {
                                        "type_specific": {
                                            "type": "player",
                                            "advancements": {
                                                "door_locker:recipes/door_locker": false
                                            }
                                        },
                                        "equipment": {
                                            "mainhand": {
                                                "nbt": "{display:{}}"
                                            }
                                        }
                                    }
                                }
                            ]
                        }
                    ]
                }
            ]
        }
    ]
}