{
    "pools": [
        {
            "rolls": 1,
            "entries": [
                {
                    "type": "minecraft:loot_table",
                    "name": "door_locker:door_locker"
                }
            ],
            "functions": [
                {
                    "function": "minecraft:set_lore",
                    "lore": [
                        {
                            "translate":"door_locker.door_locker.lore.2","fallback": "Now use the Door Locker on:",
                            "color": "yellow",
                            "italic": false
                        },
                        {
                            "translate":"door_locker.door_locker.lore.3","fallback": "door, trapdoor, fence gate, button or lever",
                            "color": "yellow",
                            "italic": false
                        }
                    ],
                    "replace": true
                },
                {
                    "function": "minecraft:copy_nbt",
                    "source": {
                        "type": "minecraft:storage",
                        "source": "door_locker:save_name"
                    },
                    "ops": [
                        {
                            "source": "display.Name",
                            "target": "display.Name",
                            "op": "replace"
                        }
                    ]
                },
                {
                    "function": "minecraft:set_nbt",
                    "tag": "{RepairCost: 1}"
                }
            ]
        }
    ]
}