{
    "condition": "minecraft:any_of",
    "terms": [
      {
        "condition": "minecraft:location_check",
        "offsetX": -1,
        "predicate": {
          "block": {
            "tag": "minecraft:doors"
          }
        }
      },
      {
        "condition": "minecraft:location_check",
        "offsetX": 1,
        "predicate": {
          "block": {
            "tag": "minecraft:doors"
          }
        }
      },
      {
        "condition": "minecraft:location_check",
        "offsetZ": -1,
        "predicate": {
          "block": {
            "tag": "minecraft:doors"
          }
        }
      },
      {
        "condition": "minecraft:location_check",
        "offsetZ": 1,
        "predicate": {
          "block": {
            "tag": "minecraft:doors"
          }
        }
      }
    ]
  }
  