[
    {
      "condition": "minecraft:any_of",
      "terms": [
        {
          "condition": "minecraft:location_check",
          "predicate": {
            "block": {
              "state": {
                "facing": "north"
              }
            }
          }
        },
        {
          "condition": "minecraft:location_check",
          "predicate": {
            "block": {
              "state": {
                "facing": "south"
              }
            }
          }
        }
      ]
    }
  ]
  