{
    "parent": "gallab:root",
    "display": {
        "icon": {
            "item": "minecraft:iron_door"
        },
        "title": {
            "translate": "door_locker.advancement.root.title",
            "fallback": "Door Locker"
        },
        "description": {
            "translate": "door_locker.advancement.root.description",
            "fallback": "Lock doors, trapdoors, levers and more!\nA double door without a password is convenient!"
        },
        "announce_to_chat": false
    },
    "criteria": {
        "requirement": {
            "trigger": "minecraft:tick"
        }
    }
}