[
    {
        "function": "minecraft:set_lore",
        "lore": [
            {
                "translate":"door_locker.door_locker.lore.2","fallback": "Now use the Door Locker on:",
                "color": "yellow",
                "italic": false
            },
            {
                "translate":"door_locker.door_locker.lore.3","fallback": "door, trapdoor, fence gate, button or lever",
                "color": "yellow",
                "italic": false
            }
        ],
        "replace": true
    },
    {
        "function": "minecraft:set_nbt",
        "tag": "{RepairCost: 1}"
    }
]