{
    "pools": [
        {
            "rolls": 1,
            "entries": [
                {
                    "type": "minecraft:alternatives",
                    "children": [
                        {
                            "type": "minecraft:item",
                            "name": "minecraft:acacia_door",
                            "conditions": [
                                {
                                    "condition": "minecraft:entity_properties",
                                    "entity": "this",
                                    "predicate": {
                                        "nbt": "{block_state:{Name:'minecraft:acacia_door'}}"
                                    }
                                }
                            ]
                        },
                        {
                            "type": "minecraft:item",
                            "name": "minecraft:birch_door",
                            "conditions": [
                                {
                                    "condition": "minecraft:entity_properties",
                                    "entity": "this",
                                    "predicate": {
                                        "nbt": "{block_state:{Name:'minecraft:birch_door'}}"
                                    }
                                }
                            ]
                        },
                        {
                            "type": "minecraft:item",
                            "name": "minecraft:crimson_door",
                            "conditions": [
                                {
                                    "condition": "minecraft:entity_properties",
                                    "entity": "this",
                                    "predicate": {
                                        "nbt": "{block_state:{Name:'minecraft:crimson_door'}}"
                                    }
                                }
                            ]
                        },
                        {
                            "type": "minecraft:item",
                            "name": "minecraft:dark_oak_door",
                            "conditions": [
                                {
                                    "condition": "minecraft:entity_properties",
                                    "entity": "this",
                                    "predicate": {
                                        "nbt": "{block_state:{Name:'minecraft:dark_oak_door'}}"
                                    }
                                }
                            ]
                        },
                        {
                            "type": "minecraft:item",
                            "name": "minecraft:iron_door",
                            "conditions": [
                                {
                                    "condition": "minecraft:entity_properties",
                                    "entity": "this",
                                    "predicate": {
                                        "nbt": "{block_state:{Name:'minecraft:iron_door'}}"
                                    }
                                }
                            ]
                        },
                        {
                            "type": "minecraft:item",
                            "name": "minecraft:jungle_door",
                            "conditions": [
                                {
                                    "condition": "minecraft:entity_properties",
                                    "entity": "this",
                                    "predicate": {
                                        "nbt": "{block_state:{Name:'minecraft:jungle_door'}}"
                                    }
                                }
                            ]
                        },
                        {
                            "type": "minecraft:item",
                            "name": "minecraft:mangrove_door",
                            "conditions": [
                                {
                                    "condition": "minecraft:entity_properties",
                                    "entity": "this",
                                    "predicate": {
                                        "nbt": "{block_state:{Name:'minecraft:mangrove_door'}}"
                                    }
                                }
                            ]
                        },
                        {
                            "type": "minecraft:item",
                            "name": "minecraft:oak_door",
                            "conditions": [
                                {
                                    "condition": "minecraft:entity_properties",
                                    "entity": "this",
                                    "predicate": {
                                        "nbt": "{block_state:{Name:'minecraft:oak_door'}}"
                                    }
                                }
                            ]
                        },
                        {
                            "type": "minecraft:item",
                            "name": "minecraft:spruce_door",
                            "conditions": [
                                {
                                    "condition": "minecraft:entity_properties",
                                    "entity": "this",
                                    "predicate": {
                                        "nbt": "{block_state:{Name:'minecraft:spruce_door'}}"
                                    }
                                }
                            ]
                        },
                        {
                            "type": "minecraft:item",
                            "name": "minecraft:warped_door",
                            "conditions": [
                                {
                                    "condition": "minecraft:entity_properties",
                                    "entity": "this",
                                    "predicate": {
                                        "nbt": "{block_state:{Name:'minecraft:warped_door'}}"
                                    }
                                }
                            ]
                        }
                    ]
                }
            ]
        }
    ]
}
