{
    "pools": [
        {
            "rolls": 1,
            "entries": [
                {
                    "type": "minecraft:alternatives",
                    "children": [
                        {
                            "type": "minecraft:item",
                            "name": "minecraft:acacia_trapdoor",
                            "conditions": [
                                {
                                    "condition": "minecraft:entity_properties",
                                    "entity": "this",
                                    "predicate": {
                                        "nbt": "{block_state:{Name:'minecraft:acacia_trapdoor'}}"
                                    }
                                }
                            ]
                        },
                        {
                            "type": "minecraft:item",
                            "name": "minecraft:birch_trapdoor",
                            "conditions": [
                                {
                                    "condition": "minecraft:entity_properties",
                                    "entity": "this",
                                    "predicate": {
                                        "nbt": "{block_state:{Name:'minecraft:birch_trapdoor'}}"
                                    }
                                }
                            ]
                        },
                        {
                            "type": "minecraft:item",
                            "name": "minecraft:crimson_trapdoor",
                            "conditions": [
                                {
                                    "condition": "minecraft:entity_properties",
                                    "entity": "this",
                                    "predicate": {
                                        "nbt": "{block_state:{Name:'minecraft:crimson_trapdoor'}}"
                                    }
                                }
                            ]
                        },
                        {
                            "type": "minecraft:item",
                            "name": "minecraft:dark_oak_trapdoor",
                            "conditions": [
                                {
                                    "condition": "minecraft:entity_properties",
                                    "entity": "this",
                                    "predicate": {
                                        "nbt": "{block_state:{Name:'minecraft:dark_oak_trapdoor'}}"
                                    }
                                }
                            ]
                        },
                        {
                            "type": "minecraft:item",
                            "name": "minecraft:iron_trapdoor",
                            "conditions": [
                                {
                                    "condition": "minecraft:entity_properties",
                                    "entity": "this",
                                    "predicate": {
                                        "nbt": "{block_state:{Name:'minecraft:iron_trapdoor'}}"
                                    }
                                }
                            ]
                        },
                        {
                            "type": "minecraft:item",
                            "name": "minecraft:jungle_trapdoor",
                            "conditions": [
                                {
                                    "condition": "minecraft:entity_properties",
                                    "entity": "this",
                                    "predicate": {
                                        "nbt": "{block_state:{Name:'minecraft:jungle_trapdoor'}}"
                                    }
                                }
                            ]
                        },
                        {
                            "type": "minecraft:item",
                            "name": "minecraft:mangrove_trapdoor",
                            "conditions": [
                                {
                                    "condition": "minecraft:entity_properties",
                                    "entity": "this",
                                    "predicate": {
                                        "nbt": "{block_state:{Name:'minecraft:mangrove_trapdoor'}}"
                                    }
                                }
                            ]
                        },
                        {
                            "type": "minecraft:item",
                            "name": "minecraft:oak_trapdoor",
                            "conditions": [
                                {
                                    "condition": "minecraft:entity_properties",
                                    "entity": "this",
                                    "predicate": {
                                        "nbt": "{block_state:{Name:'minecraft:oak_trapdoor'}}"
                                    }
                                }
                            ]
                        },
                        {
                            "type": "minecraft:item",
                            "name": "minecraft:spruce_trapdoor",
                            "conditions": [
                                {
                                    "condition": "minecraft:entity_properties",
                                    "entity": "this",
                                    "predicate": {
                                        "nbt": "{block_state:{Name:'minecraft:spruce_trapdoor'}}"
                                    }
                                }
                            ]
                        },
                        {
                            "type": "minecraft:item",
                            "name": "minecraft:warped_trapdoor",
                            "conditions": [
                                {
                                    "condition": "minecraft:entity_properties",
                                    "entity": "this",
                                    "predicate": {
                                        "nbt": "{block_state:{Name:'minecraft:warped_trapdoor'}}"
                                    }
                                }
                            ]
                        },
                        {
                            "type": "minecraft:item",
                            "name": "minecraft:stone"
                        }
                    ]
                }
            ]
        }
    ]
}
